ICRA,IROS,ROBIO,ISER,Humanoids,ISRR,CIRA,RO-MAN,FSR,ICARCV,
CHI Extended Abstracts,CHI,UIST,INTERACT,IEEE Visualization,CSCW,IUI,Graphics Interface,SIGGRAPH Courses,VR,
ICDE,VLDB,IPDPS,SIGMOD Conference,KDD,Euro-Par,CIKM,ICDM,ICPP,SC,
ICASSP,ICME,EUSIPCO,ICIP,ICIP (3),ICIP (2),ICIP (1),ICASSP (3),ACM Multimedia,ISCAS,
INTERSPEECH,ICASSP (1),ICSLP,EUROSPEECH,SSW,TSD,ISCSLP,ASRU,MLMI,IWSLT,
GECCO,IEEE Congress on Evolutionary Computation,PPSN,EuroGP,Congress on Evolutionary Computation,GECCO (2),FUZZ-IEEE,EvoWorkshops,IJCNN,EMO,
HICSS,AMCIS,ECIS,ICIS,ISI,DG.O,PACIS,HICSS (1),Bled eConference,CRIWG,
CLEF,CLEF (Working Notes),TREC,SIGIR,LREC,ACL,NTCIR,ECIR,JCDL,ECDL,
DATE,DAC,ICCAD,ASP-DAC,VLSI Design,ITC,ISLPED,ICCD,ISQED,VTS,
ICSE,ICSM,ASE,WCRE,COMPSAC,SEKE,CSMR,ECOOP Workshops,IWPC,CAV,
SODA,STOC,FOCS,Symposium on Computational Geometry,ESA,CCCG,ICALP,ISAAC,Graph Drawing,SPAA,
AAMAS,NIPS,IJCAI,AAAI,ICML,UAI,AAAI/IAAI,Agents,RoboCup,ECAI,
GLOBECOM,ICC,WCNC,PIMRC,INFOCOM,VTC Spring,VTC Fall,ISCC,ICCCN,LCN,
AMIA,MedInfo,MIE,Pacific Symposium on Biocomputing,AIME,KR-MED,BioNLP@ACL,ACL Workshop on Natural Language Processing in the Biomedical Domain,CGP,AIMDM,
IGARSS,SMC,Winter Simulation Conference,International Conference on Computational Science (3),ISNN (2),CSCWD,CCTA,ISNN (1),GrC,CIT,
