GLOBECOM,ICC,AMIA,WCNC,ICASSP (4),LREC,ISCC,VTC Spring,VTC Fall,STOC,
ASP-DAC,SIGIR,ICSE,FUZZ-IEEE,FPL,ISCAS (5),IEEE Visualization,EUROMICRO,FCCM,SPAA,
PIMRC,IJCAI,Euro-Par,PDPTA,TREC,ICDAR,ACL,FOCS,RoboCup,PDP,
SAC,CIKM,DEXA,WWW,MICCAI,MICCAI (2),PAKDD,DEXA Workshops,AAAI/IAAI,MICCAI (1),
INTERSPEECH,IPDPS,ICASSP (1),CLEF,CLEF (Working Notes),BMVC,KES,ICSLP,EUROSPEECH,VR,
ICDE,VLDB,SIGMOD Conference,KDD,ICDM,CHI,ICALT,DAGM-Symposium,CAV,SSPR/SPR,
SMC,DAC,ICPP,Web Intelligence,ECAI,ISLPED,ISQED,ACM Great Lakes Symposium on VLSI,WETICE,APSEC,
ISCAS,CHI Extended Abstracts,ISCAS (4),IEEE Congress on Evolutionary Computation,ISCAS (3),ICDCS Workshops,SC,ECIS,COMPSAC,IEA/AIE,
HICSS,AAMAS,NIPS,ICML,Bildverarbeitung fr die Medizin,AMCIS,UAI,ICTAI,ICWS,PODC,
ICRA,IROS,ICCV,ACM Multimedia,AAAI,CVPR,CVPR (1),ICPR (2),CVPR (2),ICALP,
INFOCOM,ICPR,ICCCN,ICPR (3),LCN,SEKE,ICPP Workshops,Symposium on Computational Geometry,Computers and Their Applications,CIT,
IGARSS,SODA,GECCO,ICDCS,ISCAS (1),CCGRID,CARS,ICON,DG.O,IV,
ICME,ISCAS (2),ICECS,BIBE,Description Logics,NTCIR,ISMVL,SIGGRAPH Sketches,Rendering Techniques,ISSRE,
EUSIPCO,ICIP,ICIP (3),ICIP (1),ICIP (2),ICCAD,ICASSP (3),ICASSP (2),IJCNN,ITC,
ICASSP,DATE,VLSI Design,ISBI,Winter Simulation Conference,DSN,International Conference on Computational Science,ESANN,CBMS,Australian Conference on Artificial Intelligence,
