HICSS,AMCIS,ECIS,ICIS,PACIS,HICSS (1),Bled eConference,HICSS (6),EGOV,IRMA Conference
NIPS,ICML,ICCV,IJCAI,UAI,AAAI,KDD,CVPR (1),AAAI/IAAI,CVPR (2)
DATE,DAC,ICCAD,ASP-DAC,VLSI Design,ITC,ISLPED,ICCD,ISQED,VTS
ICASSP,ICME,EUSIPCO,ICIP,ICIP (3),ICIP (2),ICIP (1),ICASSP (3),ACM Multimedia,ICASSP (2)
INTERSPEECH,ICASSP (1),ICSLP,EUROSPEECH,SSW,TSD,ISCSLP,ASRU,IWSLT,AVSP
ICRA,IROS,ROBIO,ISER,Humanoids,RoboCup,ISRR,CIRA,RO-MAN,FSR
SODA,SAC,Computers and Their Applications,ICDCS Workshops,AINA,LCN,CAINE,CAV,SEKE,AINA (1)
PVM/MPI,SC,CCGRID,HPDC,CLUSTER,ICDCS,DSN,GRID,International Conference on Computational Science,PPAM
KES,CCCG,KES (2),KES (3),KES (1),IEA/AIE,IDEAL,ICTAI,Australian Conference on Artificial Intelligence,CIT
Winter Simulation Conference,ICSE,DG.O,JISBD,RE,COMPSAC,ICWS,ECBS,WICSA,OOPSLA Companion
GLOBECOM,ICC,WCNC,PIMRC,INFOCOM,VTC Spring,VTC Fall,AMIA,ICCCN,BROADNETS
CHI Extended Abstracts,CHI,UIST,INTERACT,JCDL,CSCW,IUI,UbiComp,AVI,Graphics Interface
VLDB,ICDE,SIGMOD Conference,CIKM,SIGIR,EDBT,PODS,DASFAA,TREC,DEXA
IPDPS,Euro-Par,ICPP,GECCO,PDPTA,PDP,HiPC,LCPC,ICS,HPCA
IGARSS,SMC,International Conference on Computational Science (3),ISNN (2),CCTA,SMC (2),CIS,SMC (4),ICIC (2),SMC (1)