MICCAI,MICCAI (2),Bildverarbeitung fr die Medizin,MICCAI (1),ISBI,CARS,IPMI,ICRA,ICCV,CVPR,
AMIA,MedInfo,ACISP,ASIACRYPT,EUROCRYPT,CRYPTO,Public Key Cryptography,FSE,ACM Conference on Computer and Communications Security,ICISC,
GLOBECOM,ICC,DATE,DAC,WCNC,INFOCOM,PIMRC,ICCAD,ASP-DAC,VLSI Design,
SIGCOMM,INFOCOM,USENIX Annual Technical Conference, General Track,IPTPS,NSDI,SOSP,ICCHP,HotOS,OSDI,ICCS,
IPDPS,Euro-Par,ICPP,SC,PVM/MPI,CCGRID,PDPTA,CLUSTER,PDP,HPDC,
IEEE Visualization,Pacific Conference on Computer Graphics and Applications,SIGGRAPH Courses,Rendering Techniques,VR,SIGGRAPH Sketches,SIGGRAPH,Computer Graphics International,VMV,Graphics Interface,
ICDE,VLDB,SIGMOD Conference,CIKM,KDD,ICDM,DEXA,SAC,DASFAA,WWW,
INTERSPEECH,ICASSP,HICSS,ICASSP (1),ISCAS,GECCO,EUSIPCO,LREC,ICME,CHI Extended Abstracts,
IJCAI,IGARSS,SIGIR,AAAI,TREC,ICDAR,AAMAS,CP,ECAI,AAAI/IAAI,
EUSIPCO,ICIP,ICASSP,ICME,ICIP (3),ICSE,ICIP (2),ICIP (1),ICASSP (3),ICSM,
AAMAS,SMC,Agents,IAT,IJCAI,AAAI,Computers and Their Applications,ICRA,ECAI,IROS,
SODA,NIPS,STOC,FOCS,Symposium on Computational Geometry,ESA,ISAAC,CCCG,ICALP,ICML,
ICME,ACM Multimedia,ICIP,ICPR,ICIP (2),ICIP (3),ICPR (2),ICASSP,ICPR (3),ICIP (1),
SMC,GCC,CSCWD,GLOBECOM,Web Intelligence,IPDPS,ICME,COMPSAC,CIT,SAC,
ICRA,IROS,ICCV,CVPR,BMVC,CVPR (1),CVPR (2),ICPR,ROBIO,RoboCup,
